{"sub_loss": 0.2245718538761139, "_timestamp": 1728699198.5085413, "diff_loss": 0.015399880707263947, "slide_loss": 0.08905505388975143, "_runtime": 1035.72682929039, "_step": 17816, "perf/val_acc1": 69.35483870967742, "perf/val_auc": 0.7869052886962891, "perf/val_f1": 0.6935483813285828, "perf/val_loss": 0.8555014376141762, "perf/test_acc1": 56.97674418604651, "perf/test_auc": 0.744847297668457, "perf/test_f1": 0.569767415523529, "perf/test_loss": 0.9927510171093122, "_wandb": {"runtime": 1034}}